{
  "$id": "https://raw.githubusercontent.com/ory/oathkeeper/master/.schemas/authenticators.oauth2_client_credentials.schema.json",
  "$schema": "http://json-schema.org/draft-07/schema#",
  "type": "object",
  "title": "OAuth 2.0 Client Credentials Authenticator Configuration",
  "description": "This section is optional when the authenticator is disabled.",
  "properties": {
    "token_url": {
      "type": "string",
      "description": "The OAuth 2.0 Token Endpoint that will be used to validate the client credentials.\n\n>If this authenticator is enabled, this value is required.",
      "format": "uri",
      "examples": ["https://my-website.com/oauth2/token"]
    },
    "required_scope": {
      "type": "array",
      "title": "Request Permissions (Token Scope)",
      "description": "Scopes is an array of OAuth 2.0 scopes that are required when accessing an endpoint protected by this rule.\n If the token used in the Authorization header did not request that specific scope, the request is denied.",
      "items": {
        "type": "string"
      }
    }
  },
  "required": ["token_url"],
  "additionalProperties": false
}
