{
  "$id": "https://raw.githubusercontent.com/ory/oathkeeper/master/.schemas/authenticators.jwt.schema.json",
  "$schema": "http://json-schema.org/draft-07/schema#",
  "type": "object",
  "title": "JWT Authenticator Configuration",
  "description": "This section is optional when the authenticator is disabled.",
  "properties": {
    "required_scope": {
      "type": "array",
      "title": "Required Token Scope",
      "description": "An array of OAuth 2.0 scopes that are required when accessing an endpoint protected by this handler.\n If the token used in the Authorization header did not request that specific scope, the request is denied.",
      "items": {
        "type": "string"
      }
    },
    "target_audience": {
      "title": "Intended Audience",
      "type": "array",
      "description": "An array of audiences that are required when accessing an endpoint protected by this handler.\n If the token used in the Authorization header is not intended for any of the requested audiences, the request is denied.",
      "items": {
        "type": "string"
      }
    },
    "trusted_issuers": {
      "type": "array",
      "items": {
        "type": "string"
      }
    },
    "allowed_algorithms": {
      "type": "array",
      "items": {
        "type": "string"
      }
    },
    "jwks_urls": {
      "title": "JSON Web Key URLs",
      "type": "array",
      "items": {
        "type": "string",
        "format": "uri"
      },
      "description": "URLs where ORY Oathkeeper can retrieve JSON Web Keys from for validating the JSON Web Token. Usually something like \"https://my-keys.com/.well-known/jwks.json\". The response of that endpoint must return a JSON Web Key Set (JWKS).\n\n>If this authenticator is enabled, this value is required.",
      "examples": [
        "https://my-website.com/.well-known/jwks.json",
        "https://my-other-website.com/.well-known/jwks.json",
        "file://path/to/local/jwks.json"
      ]
    },
    "jwks_max_wait": {
      "title": "Max await interval for the JWK fetch",
      "type": "string",
      "description": "The configuration which sets the max wait threshold when fetching new JWKs",
      "default": "1s",
      "examples": ["100ms", "1s"]
    },
    "jwks_ttl": {
      "title": "JWK cache TTL configuration",
      "type": "string",
      "description": "The time interval for which fetched JWKs are cached",
      "default": "30s",
      "examples": ["30m", "6h"]
    },
    "scope_strategy": {
      "$ref": "https://raw.githubusercontent.com/ory/oathkeeper/master/.schemas/scope_strategy.schema.json#"
    },
    "token_from": {
      "title": "Token From",
      "description": "The location of the token.\n If not configured, the token will be received from a default location - 'Authorization' header.\n One and only one location (header, query, or cookie) must be specified.",
      "oneOf": [
        {
          "type": "object",
          "required": ["header"],
          "properties": {
            "header": {
              "title": "Header",
              "type": "string",
              "description": "The header (case insensitive) that must contain a token for request authentication. It can't be set along with query_parameter or cookie."
            }
          }
        },
        {
          "type": "object",
          "required": ["query_parameter"],
          "properties": {
            "query_parameter": {
              "title": "Query Parameter",
              "type": "string",
              "description": "The query parameter (case sensitive) that must contain a token for request authentication. It can't be set along with header or cookie."
            }
          }
        },
        {
          "type": "object",
          "required": ["cookie"],
          "properties": {
            "cookie": {
              "title": "Cookie",
              "type": "string",
              "description": "The cookie (case sensitive) that must contain a token for request authentication. It can't be set along with header or query_parameter."
            }
          }
        }
      ]
    }
  },
  "additionalProperties": false
}
